[
    {
        "id": "default_template1",
        "code": "template_basic_1",
        "name": "template basic 1",
        "image": "/assets/media/template1.webp",
        "industry": "",
        "inputType": "template",
        "css": "{\"template\":{\"font\":\"Roboto\",\"fontSize\":13,\"lineHeight\":1.5,\"themeColor\":\"#4570de\", \"multiplierFS\": 1.1}}"
    },
    {
        "id": "default_template2",
        "code": "template_basic_2",
        "name": "template basic 2",
        "image": "/assets/media/template2.webp",
        "industry": "",
        "inputType": "template",
        "css": "{\"template\":{\"font\":\"Roboto\",\"fontSize\":13,\"lineHeight\":1.5,\"themeColor\":\"#00b14f\", \"multiplierFS\": 1.1}}"
    }
]