[
    {
        "id": "6ba7b810-9dad-11d1-80b4-00c04fd430c1",
        "placeholder": "",
        "hashCode": "0001",
        "groupCode": "SYSTEM",
        "index": 1,
        "order": 1,
        "parentId": null,
        "typeCode": "Reference",
        "label": "Người tham chiếu",
        "inputType": "group",
        "defaultValue": "",
        "listValueOption": "[]",
        "css": "{\"responsive\":{\"desktop\":12,\"tablet\":12,\"mobile\":12},\"label\":{\"fontSize\":\"16px\",\"color\":\"#000000\",\"icon\":\"\"},\"content\":{\"fontSize\":\"16px\",\"color\":\"#000000\",\"icon\":\"\"},\"flex\":\"flex-column\"}",
        "fomular": "",
        "code": "reference",
        "listRelation": "",
        "industryId": ""
    },
    {
        "id": "b8b66a91-f2ed-4b4d-b462-361be1c8a854",
        "placeholder": "",
        "hashCode": "0001.0001",
        "groupCode": "SYSTEM",
        "index": 1,
        "order": 2,
        "parentId": "6ba7b810-9dad-11d1-80b4-00c04fd430c1",
        "typeCode": "Reference",
        "label": "Họ và tên",
        "inputType": "text",
        "defaultValue": "",
        "listValueOption": "[]",
        "css": "{\"responsive\":{\"desktop\":12,\"tablet\":12,\"mobile\":12},\"label\":{\"fontSize\":\"16px\",\"color\":\"#000000\",\"icon\":\"\"},\"content\":{\"fontSize\":\"16px\",\"color\":\"#000000\",\"icon\":\"\"},\"flex\":\"flex-column\"}",
        "fomular": "",
        "code": "reference_name",
        "listRelation": "",
        "isRequired": false,
        "industryId": ""
    },
    {
        "id": "2a58eade-1a81-4b87-b3f7-41e3f0f66d6a",
        "placeholder": "",
        "hashCode": "0001.0002",
        "groupCode": "SYSTEM",
        "index": 2,
        "order": 2,
        "parentId": "6ba7b810-9dad-11d1-80b4-00c04fd430c1",
        "typeCode": "Reference",
        "label": "Chức vụ",
        "inputType": "text",
        "defaultValue": "",
        "listValueOption": "[]",
        "css": "{\"responsive\":{\"desktop\":12,\"tablet\":12,\"mobile\":12},\"label\":{\"fontSize\":\"16px\",\"color\":\"#000000\",\"icon\":\"\"},\"content\":{\"fontSize\":\"16px\",\"color\":\"#000000\",\"icon\":\"\"},\"flex\":\"flex-column\"}",
        "fomular": "",
        "code": "reference_position",
        "listRelation": "",
        "isRequired": false,
        "industryId": ""
    },
    {
        "id": "a13e3fbb-47c4-446d-8ae1-0236c3e3a1f3",
        "placeholder": "",
        "hashCode": "0001.0003",
        "groupCode": "SYSTEM",
        "index": 3,
        "order": 2,
        "parentId": "6ba7b810-9dad-11d1-80b4-00c04fd430c1",
        "typeCode": "Reference",
        "label": "Thông tin liên hệ",
        "inputType": "text",
        "defaultValue": "",
        "listValueOption": "[]",
        "css": "{\"responsive\":{\"desktop\":12,\"tablet\":12,\"mobile\":12},\"label\":{\"fontSize\":\"16px\",\"color\":\"#000000\",\"icon\":\"\"},\"content\":{\"fontSize\":\"16px\",\"color\":\"#000000\",\"icon\":\"\"},\"flex\":\"flex-column\"}",
        "fomular": "",
        "code": "reference_contact",
        "listRelation": "",
        "isRequired": false,
        "industryId": ""
    },
    {
        "id": "6ba7b811-9dad-11d1-80b4-00c04fd430c2",
        "placeholder": "",
        "hashCode": "0002",
        "groupCode": "SYSTEM",
        "index": 2,
        "order": 2,
        "parentId": null,
        "typeCode": "AdditionalInfo",
        "label": "Thông tin thêm",
        "inputType": "group",
        "defaultValue": "",
        "listValueOption": "[]",
        "css": "{\"responsive\":{\"desktop\":12,\"tablet\":12,\"mobile\":12},\"label\":{\"fontSize\":\"16px\",\"color\":\"#000000\",\"icon\":\"\"},\"content\":{\"fontSize\":\"16px\",\"color\":\"#000000\",\"icon\":\"\"},\"flex\":\"flex-column\"}",
        "fomular": "",
        "code": "additional_info",
        "listRelation": "",
        "industryId": ""
    },
    {
        "id": "6ba7b811-9dad-11d1-80b4-00c04fd430aa",
        "placeholder": "",
        "hashCode": "0002.0001",
        "groupCode": "SYSTEM",
        "index": 1,
        "order": 2,
        "parentId": "6ba7b811-9dad-11d1-80b4-00c04fd430c2",
        "typeCode": "AdditionalInfo",
        "label": "Thông tin thêm",
        "inputType": "text",
        "defaultValue": "",
        "listValueOption": "[]",
        "css": "{\"responsive\":{\"desktop\":12,\"tablet\":12,\"mobile\":12},\"label\":{\"fontSize\":\"16px\",\"color\":\"#000000\",\"icon\":\"\"},\"content\":{\"fontSize\":\"16px\",\"color\":\"#000000\",\"icon\":\"\"},\"flex\":\"flex-column\"}",
        "fomular": "",
        "code": "additional_info",
        "listRelation": "",
        "isRequired": false,
        "industryId": ""
    },
    {
        "id": "6ba7b813-9dad-11d1-80b4-00c04fd430c3",
        "placeholder": "",
        "hashCode": "0003",
        "groupCode": "SYSTEM",
        "index": 3,
        "order": 1,
        "parentId": null,
        "typeCode": "BusinessCard",
        "label": "Danh thiếp",
        "inputType": "group",
        "defaultValue": "",
        "listValueOption": "[]",
        "css": "{\"responsive\":{\"desktop\":12,\"tablet\":12,\"mobile\":12},\"label\":{\"fontSize\":\"16px\",\"color\":\"#000000\",\"icon\":\"\"},\"content\":{\"fontSize\":\"16px\",\"color\":\"#000000\",\"icon\":\"\"},\"flex\":\"flex-column\"}",
        "fomular": "",
        "code": "business_card",
        "listRelation": "",
        "industryId": ""
    },
    {
        "id": "b1a964f4-7e89-48b6-8e32-13c8349fa3a1",
        "placeholder": "",
        "hashCode": "0003.0001",
        "groupCode": "SYSTEM",
        "index": 1,
        "order": 2,
        "parentId": "6ba7b813-9dad-11d1-80b4-00c04fd430c3",
        "typeCode": "BusinessCard",
        "label": "Họ và tên",
        "inputType": "text",
        "defaultValue": "",
        "listValueOption": "[]",
        "css": "{\"responsive\":{\"desktop\":12,\"tablet\":12,\"mobile\":12},\"label\":{\"fontSize\":\"16px\",\"color\":\"#000000\",\"icon\":\"\"},\"content\":{\"fontSize\":\"16px\",\"color\":\"#000000\",\"icon\":\"\"},\"flex\":\"flex-column\"}",
        "fomular": "",
        "code": "card_fullname",
        "listRelation": "",
        "isRequired": true,
        "industryId": ""
    },
    {
        "id": "0dca785a-1bf7-4c91-93b9-fd2f0f2a3ea4",
        "placeholder": "",
        "hashCode": "0003.0002",
        "groupCode": "SYSTEM",
        "index": 2,
        "order": 2,
        "parentId": "6ba7b813-9dad-11d1-80b4-00c04fd430c3",
        "typeCode": "BusinessCard",
        "label": "Chức vụ",
        "inputType": "text",
        "defaultValue": "",
        "listValueOption": "[]",
        "css": "{\"responsive\":{\"desktop\":12,\"tablet\":12,\"mobile\":12},\"label\":{\"fontSize\":\"16px\",\"color\":\"#000000\",\"icon\":\"\"},\"content\":{\"fontSize\":\"16px\",\"color\":\"#000000\",\"icon\":\"\"},\"flex\":\"flex-column\"}",
        "fomular": "",
        "code": "card_position",
        "listRelation": "",
        "isRequired": false,
        "industryId": ""
    },
    {
        "id": "25f395be-2830-4d20-8d10-3d3623f9a152",
        "placeholder": "",
        "hashCode": "0003.0003",
        "groupCode": "SYSTEM",
        "index": 3,
        "order": 2,
        "parentId": "6ba7b813-9dad-11d1-80b4-00c04fd430c3",
        "typeCode": "BusinessCard",
        "label": "Tên công ty",
        "inputType": "text",
        "defaultValue": "",
        "listValueOption": "[]",
        "css": "{\"responsive\":{\"desktop\":12,\"tablet\":12,\"mobile\":12},\"label\":{\"fontSize\":\"16px\",\"color\":\"#000000\",\"icon\":\"\"},\"content\":{\"fontSize\":\"16px\",\"color\":\"#000000\",\"icon\":\"\"},\"flex\":\"flex-column\"}",
        "fomular": "",
        "code": "card_company",
        "listRelation": "",
        "isRequired": false,
        "industryId": ""
    },
    {
        "id": "63e09e89-758c-4a26-9e8a-04b8ae1c2a6d",
        "placeholder": "",
        "hashCode": "0003.0004",
        "groupCode": "SYSTEM",
        "index": 4,
        "order": 2,
        "parentId": "6ba7b813-9dad-11d1-80b4-00c04fd430c3",
        "typeCode": "BusinessCard",
        "label": "Số điện thoại",
        "inputType": "text",
        "defaultValue": "",
        "listValueOption": "[]",
        "css": "{\"responsive\":{\"desktop\":12,\"tablet\":12,\"mobile\":12},\"label\":{\"fontSize\":\"16px\",\"color\":\"#000000\",\"icon\":\"\"},\"content\":{\"fontSize\":\"16px\",\"color\":\"#000000\",\"icon\":\"\"},\"flex\":\"flex-column\"}",
        "fomular": "",
        "code": "card_phone",
        "listRelation": "",
        "isRequired": true,
        "industryId": ""
    },
    {
        "id": "4a4e6f4f-1b3a-4a3e-bf4d-2e0c1d2c1b7f",
        "placeholder": "",
        "hashCode": "0003.0005",
        "groupCode": "SYSTEM",
        "index": 5,
        "order": 2,
        "parentId": "6ba7b813-9dad-11d1-80b4-00c04fd430c3",
        "typeCode": "BusinessCard",
        "label": "Email",
        "inputType": "text",
        "defaultValue": "",
        "listValueOption": "[]",
        "css": "{\"responsive\":{\"desktop\":12,\"tablet\":12,\"mobile\":12},\"label\":{\"fontSize\":\"16px\",\"color\":\"#000000\",\"icon\":\"\"},\"content\":{\"fontSize\":\"16px\",\"color\":\"#000000\",\"icon\":\"\"},\"flex\":\"flex-column\"}",
        "fomular": "",
        "code": "card_email",
        "listRelation": "",
        "isRequired": false,
        "industryId": ""
    },
    {
        "id": "3db67f7a-2f35-4f15-8c4c-e87b68a67de7",
        "placeholder": "",
        "hashCode": "0003.0006",
        "groupCode": "SYSTEM",
        "index": 6,
        "order": 2,
        "parentId": "6ba7b813-9dad-11d1-80b4-00c04fd430c3",
        "typeCode": "BusinessCard",
        "label": "Địa chỉ",
        "inputType": "textarea",
        "defaultValue": "",
        "listValueOption": "[]",
        "css": "{\"responsive\":{\"desktop\":12,\"tablet\":12,\"mobile\":12},\"label\":{\"fontSize\":\"16px\",\"color\":\"#000000\",\"icon\":\"\"},\"content\":{\"fontSize\":\"16px\",\"color\":\"#000000\",\"icon\":\"\"},\"flex\":\"flex-column\"}",
        "fomular": "",
        "code": "card_address",
        "listRelation": "",
        "isRequired": false,
        "industryId": ""
    },
    {
        "id": "b3b7b45f-099e-4e3a-8ca3-7c06e4980a7a",
        "placeholder": "",
        "hashCode": "0003.0007",
        "groupCode": "SYSTEM",
        "index": 7,
        "order": 2,
        "parentId": "6ba7b813-9dad-11d1-80b4-00c04fd430c3",
        "typeCode": "BusinessCard",
        "label": "Website",
        "inputType": "text",
        "defaultValue": "",
        "listValueOption": "[]",
        "css": "{\"responsive\":{\"desktop\":12,\"tablet\":12,\"mobile\":12},\"label\":{\"fontSize\":\"16px\",\"color\":\"#000000\",\"icon\":\"\"},\"content\":{\"fontSize\":\"16px\",\"color\":\"#000000\",\"icon\":\"\"},\"flex\":\"flex-column\"}",
        "fomular": "",
        "code": "card_website",
        "listRelation": "",
        "isRequired": false,
        "industryId": ""
    },
    {
        "id": "d9b3a3f3-6e23-4d26-8ec5-97f4b2532c31",
        "placeholder": "",
        "hashCode": "0003.0008",
        "groupCode": "SYSTEM",
        "index": 8,
        "order": 2,
        "parentId": "6ba7b813-9dad-11d1-80b4-00c04fd430c3",
        "typeCode": "BusinessCard",
        "label": "LinkedIn",
        "inputType": "text",
        "defaultValue": "",
        "listValueOption": "[]",
        "css": "{\"responsive\":{\"desktop\":12,\"tablet\":12,\"mobile\":12},\"label\":{\"fontSize\":\"16px\",\"color\":\"#000000\",\"icon\":\"\"},\"content\":{\"fontSize\":\"16px\",\"color\":\"#000000\",\"icon\":\"\"},\"flex\":\"flex-column\"}",
        "fomular": "",
        "code": "card_linkedin",
        "listRelation": "",
        "isRequired": false,
        "industryId": ""
    },
    {
        "id": "2c4db6d9-5ae0-43ec-b1c3-c4c5b9e229a1",
        "placeholder": "",
        "hashCode": "0003.0009",
        "groupCode": "SYSTEM",
        "index": 9,
        "order": 2,
        "parentId": "6ba7b813-9dad-11d1-80b4-00c04fd430c3",
        "typeCode": "BusinessCard",
        "label": "Logo công ty",
        "inputType": "image",
        "defaultValue": "",
        "listValueOption": "[]",
        "css": "{\"responsive\":{\"desktop\":12,\"tablet\":12,\"mobile\":12},\"label\":{\"fontSize\":\"16px\",\"color\":\"#000000\",\"icon\":\"\"},\"content\":{\"fontSize\":\"16px\",\"color\":\"#000000\",\"icon\":\"\"},\"flex\":\"flex-column\"}",
        "fomular": "",
        "code": "card_logo",
        "listRelation": "",
        "isRequired": false,
        "industryId": ""
    },
    {
        "id": "a45261e3-28b3-44e3-a0ca-680bafcc0f32",
        "placeholder": "",
        "hashCode": "0003.0010",
        "groupCode": "SYSTEM",
        "index": 10,
        "order": 2,
        "parentId": "6ba7b813-9dad-11d1-80b4-00c04fd430c3",
        "typeCode": "BusinessCard",
        "label": "Ngày sinh",
        "inputType": "date",
        "defaultValue": "",
        "listValueOption": "[]",
        "css": "{\"responsive\":{\"desktop\":12,\"tablet\":12,\"mobile\":12},\"label\":{\"fontSize\":\"16px\",\"color\":\"#000000\",\"icon\":\"\"},\"content\":{\"fontSize\":\"16px\",\"color\":\"#000000\",\"icon\":\"\"},\"flex\":\"flex-column\"}",
        "fomular": "",
        "code": "card_dob",
        "listRelation": "",
        "isRequired": false,
        "industryId": ""
    },
    {
        "id": "567f76e1-c86d-4b4c-8723-2f6f16c832b5",
        "placeholder": "",
        "hashCode": "0003.0011",
        "groupCode": "SYSTEM",
        "index": 11,
        "order": 2,
        "parentId": "6ba7b813-9dad-11d1-80b4-00c04fd430c3",
        "typeCode": "BusinessCard",
        "label": "Giới tính",
        "inputType": "radio",
        "defaultValue": "",
        "listValueOption": "[]",
        "css": "{\"responsive\":{\"desktop\":12,\"tablet\":12,\"mobile\":12},\"label\":{\"fontSize\":\"16px\",\"color\":\"#000000\",\"icon\":\"\"},\"content\":{\"fontSize\":\"16px\",\"color\":\"#000000\",\"icon\":\"\"},\"flex\":\"flex-column\"}",
        "fomular": "",
        "code": "card_gender",
        "listRelation": "",
        "isRequired": false,
        "industryId": "",
        "dataCode": "GENDER"
    },
    {
        "id": "567f76e1-c86d-4b4c-8723-aa6f16c832b5",
        "placeholder": "",
        "hashCode": "0003.0012",
        "groupCode": "SYSTEM",
        "index": 12,
        "order": 2,
        "parentId": "6ba7b813-9dad-11d1-80b4-00c04fd430c3",
        "typeCode": "BusinessCard",
        "label": "Quốc tịch",
        "inputType": "text",
        "defaultValue": "",
        "listValueOption": "[]",
        "css": "{\"responsive\":{\"desktop\":12,\"tablet\":12,\"mobile\":12},\"label\":{\"fontSize\":\"16px\",\"color\":\"#000000\",\"icon\":\"\"},\"content\":{\"fontSize\":\"16px\",\"color\":\"#000000\",\"icon\":\"\"},\"flex\":\"flex-column\"}",
        "fomular": "",
        "code": "nationality",
        "listRelation": "",
        "isRequired": false,
        "industryId": ""
    },
    {
        "id": "567f76d1-c86e-4b4c-8723-aa6f16c832b5",
        "placeholder": "",
        "hashCode": "0003.0013",
        "groupCode": "SYSTEM",
        "index": 13,
        "order": 2,
        "parentId": "6ba7b813-9dad-11d1-80b4-00c04fd430c3",
        "typeCode": "BusinessCard",
        "label": "Ảnh đại diện",
        "inputType": "image",
        "defaultValue": "",
        "listValueOption": "[]",
        "css": "{\"responsive\":{\"desktop\":12,\"tablet\":12,\"mobile\":12},\"label\":{\"fontSize\":\"16px\",\"color\":\"#000000\",\"icon\":\"\"},\"content\":{\"fontSize\":\"16px\",\"color\":\"#000000\",\"icon\":\"\"},\"flex\":\"flex-column\"}",
        "fomular": "",
        "code": "avatar",
        "listRelation": "",
        "isRequired": false,
        "industryId": ""
    },
    {
        "id": "56aa76e1-c86e-4b4c-8723-aa6f16c832b5",
        "placeholder": "",
        "hashCode": "0003.0014",
        "groupCode": "SYSTEM",
        "index": 14,
        "order": 2,
        "parentId": "6ba7b813-9dad-11d1-80b4-00c04fd430c3",
        "typeCode": "BusinessCard",
        "label": "Ảnh nền",
        "inputType": "image",
        "defaultValue": "",
        "listValueOption": "[]",
        "css": "{\"responsive\":{\"desktop\":12,\"tablet\":12,\"mobile\":12},\"label\":{\"fontSize\":\"16px\",\"color\":\"#000000\",\"icon\":\"\"},\"content\":{\"fontSize\":\"16px\",\"color\":\"#000000\",\"icon\":\"\"},\"flex\":\"flex-column\"}",
        "fomular": "",
        "code": "backgroundImage",
        "listRelation": "",
        "isRequired": false,
        "industryId": ""
    },
    {
        "id": "6ba7b815-9dad-11d1-80b4-00c04fd430c6",
        "placeholder": "",
        "hashCode": "0004",
        "groupCode": "SYSTEM",
        "index": 4,
        "order": 1,
        "parentId": null,
        "typeCode": "CareerObjective",
        "label": "Mục tiêu nghề nghiệp",
        "inputType": "textarea",
        "defaultValue": "",
        "listValueOption": "[]",
        "css": "{\"responsive\":{\"desktop\":12,\"tablet\":12,\"mobile\":12},\"label\":{\"fontSize\":\"16px\",\"color\":\"#000000\",\"icon\":\"\"},\"content\":{\"fontSize\":\"16px\",\"color\":\"#000000\",\"icon\":\"\"},\"flex\":\"flex-column\"}",
        "fomular": "",
        "code": "career_objective",
        "listRelation": "",
        "isRequired": false,
        "industryId": ""
    },
    {
        "id": "6ba7b816-9dad-11d1-80b4-00c04fd430c5",
        "placeholder": "",
        "hashCode": "0005",
        "groupCode": "SYSTEM",
        "index": 5,
        "order": 1,
        "parentId": null,
        "typeCode": "Experience",
        "label": "Kinh nghiệm làm việc",
        "inputType": "group",
        "defaultValue": "",
        "listValueOption": "[]",
        "css": "{\"responsive\":{\"desktop\":12,\"tablet\":12,\"mobile\":12},\"label\":{\"fontSize\":\"16px\",\"color\":\"#000000\",\"icon\":\"\"},\"content\":{\"fontSize\":\"16px\",\"color\":\"#000000\",\"icon\":\"\"},\"flex\":\"flex-column\"}",
        "fomular": "",
        "code": "",
        "listRelation": "",
        "industryId": ""
    },
    {
        "id": "d8a1b2f1-89d3-4dc9-a1c7-861234e0b1a1",
        "placeholder": "",
        "hashCode": "0005.0001",
        "groupCode": "SYSTEM",
        "index": 1,
        "order": 2,
        "parentId": "6ba7b816-9dad-11d1-80b4-00c04fd430c5",
        "typeCode": "Experience",
        "label": "Tên công ty",
        "inputType": "text",
        "defaultValue": "",
        "listValueOption": "[]",
        "css": "{\"responsive\":{\"desktop\":12,\"tablet\":12,\"mobile\":12},\"label\":{\"fontSize\":\"16px\",\"color\":\"#000000\",\"icon\":\"\"},\"content\":{\"fontSize\":\"16px\",\"color\":\"#000000\",\"icon\":\"\"},\"flex\":\"flex-column\"}",
        "fomular": "",
        "code": "exp_company",
        "listRelation": "",
        "isRequired": false,
        "industryId": ""
    },
    {
        "id": "5c8d4b9f-255a-4a42-9b8c-761ea894dce9",
        "placeholder": "",
        "hashCode": "0005.0002",
        "groupCode": "SYSTEM",
        "index": 2,
        "order": 2,
        "parentId": "6ba7b816-9dad-11d1-80b4-00c04fd430c5",
        "typeCode": "Experience",
        "label": "Chức danh / Vị trí",
        "inputType": "text",
        "defaultValue": "",
        "listValueOption": "[]",
        "css": "{\"responsive\":{\"desktop\":12,\"tablet\":12,\"mobile\":12},\"label\":{\"fontSize\":\"16px\",\"color\":\"#000000\",\"icon\":\"\"},\"content\":{\"fontSize\":\"16px\",\"color\":\"#000000\",\"icon\":\"\"},\"flex\":\"flex-column\"}",
        "fomular": "",
        "code": "exp_position",
        "listRelation": "",
        "isRequired": false,
        "industryId": ""
    },
    {
        "id": "4e97ac4f-02c0-45cf-8d6c-6fd915b60c30",
        "placeholder": "",
        "hashCode": "0005.0003",
        "groupCode": "SYSTEM",
        "index": 3,
        "order": 2,
        "parentId": "6ba7b816-9dad-11d1-80b4-00c04fd430c5",
        "typeCode": "Experience",
        "label": "Địa điểm",
        "inputType": "text",
        "defaultValue": "",
        "listValueOption": "[]",
        "css": "{\"responsive\":{\"desktop\":12,\"tablet\":12,\"mobile\":12},\"label\":{\"fontSize\":\"16px\",\"color\":\"#000000\",\"icon\":\"\"},\"content\":{\"fontSize\":\"16px\",\"color\":\"#000000\",\"icon\":\"\"},\"flex\":\"flex-column\"}",
        "fomular": "",
        "code": "exp_location",
        "listRelation": "",
        "isRequired": false,
        "industryId": ""
    },
    {
        "id": "c7b2ad60-3902-48a6-b94b-bfbdadf0a82e",
        "placeholder": "",
        "hashCode": "0005.0004",
        "groupCode": "SYSTEM",
        "index": 4,
        "order": 2,
        "parentId": "6ba7b816-9dad-11d1-80b4-00c04fd430c5",
        "typeCode": "Experience",
        "label": "Thời gian bắt đầu",
        "inputType": "date",
        "defaultValue": "",
        "listValueOption": "[]",
        "css": "{\"responsive\":{\"desktop\":12,\"tablet\":12,\"mobile\":12},\"label\":{\"fontSize\":\"16px\",\"color\":\"#000000\",\"icon\":\"\"},\"content\":{\"fontSize\":\"16px\",\"color\":\"#000000\",\"icon\":\"\"},\"flex\":\"flex-column\"}",
        "fomular": "",
        "code": "exp_start",
        "listRelation": "",
        "isRequired": false,
        "industryId": ""
    },
    {
        "id": "1d22a1c2-8e87-440e-98c2-04aa181b0b9f",
        "placeholder": "",
        "hashCode": "0005.0005",
        "groupCode": "SYSTEM",
        "index": 5,
        "order": 2,
        "parentId": "6ba7b816-9dad-11d1-80b4-00c04fd430c5",
        "typeCode": "Experience",
        "label": "Thời gian kết thúc",
        "inputType": "date",
        "defaultValue": "",
        "listValueOption": "[]",
        "css": "{\"responsive\":{\"desktop\":12,\"tablet\":12,\"mobile\":12},\"label\":{\"fontSize\":\"16px\",\"color\":\"#000000\",\"icon\":\"\"},\"content\":{\"fontSize\":\"16px\",\"color\":\"#000000\",\"icon\":\"\"},\"flex\":\"flex-column\"}",
        "fomular": "",
        "code": "exp_end",
        "listRelation": "",
        "isRequired": false,
        "industryId": ""
    },
    {
        "id": "a0be3c0d-4e92-48de-9122-dfcfa0165cc9",
        "placeholder": "",
        "hashCode": "0005.0006",
        "groupCode": "SYSTEM",
        "index": 6,
        "order": 2,
        "parentId": "6ba7b816-9dad-11d1-80b4-00c04fd430c5",
        "typeCode": "Experience",
        "label": "Hiện đang làm ở đây",
        "inputType": "checkbox",
        "defaultValue": "",
        "listValueOption": "[]",
        "css": "{\"responsive\":{\"desktop\":12,\"tablet\":12,\"mobile\":12},\"label\":{\"fontSize\":\"16px\",\"color\":\"#000000\",\"icon\":\"\"},\"content\":{\"fontSize\":\"16px\",\"color\":\"#000000\",\"icon\":\"\"},\"flex\":\"flex-column\"}",
        "fomular": "",
        "code": "exp_is_current",
        "listRelation": "",
        "isRequired": false,
        "industryId": ""
    },
    {
        "id": "e1b0f0fa-5fc4-4701-a89f-68d0fe1dfd58",
        "placeholder": "",
        "hashCode": "0005.0007",
        "groupCode": "SYSTEM",
        "index": 7,
        "order": 2,
        "parentId": "6ba7b816-9dad-11d1-80b4-00c04fd430c5",
        "typeCode": "Experience",
        "label": "Mô tả công việc / Thành tựu",
        "inputType": "textarea",
        "defaultValue": "",
        "listValueOption": "[]",
        "css": "{\"responsive\":{\"desktop\":12,\"tablet\":12,\"mobile\":12},\"label\":{\"fontSize\":\"16px\",\"color\":\"#000000\",\"icon\":\"\"},\"content\":{\"fontSize\":\"16px\",\"color\":\"#000000\",\"icon\":\"\"},\"flex\":\"flex-column\"}",
        "fomular": "",
        "code": "exp_description",
        "listRelation": "",
        "isRequired": false,
        "industryId": ""
    },
    {
        "id": "6ba7b817-9dad-11d1-80b4-00c04fd430c6",
        "placeholder": "",
        "hashCode": "0006",
        "groupCode": "SYSTEM",
        "index": 6,
        "order": 1,
        "parentId": null,
        "typeCode": "Education",
        "label": "Học vấn",
        "inputType": "group",
        "defaultValue": "",
        "listValueOption": "[]",
        "css": "{\"responsive\":{\"desktop\":12,\"tablet\":12,\"mobile\":12},\"label\":{\"fontSize\":\"16px\",\"color\":\"#000000\",\"icon\":\"\"},\"content\":{\"fontSize\":\"16px\",\"color\":\"#000000\",\"icon\":\"\"},\"flex\":\"flex-column\"}",
        "fomular": "",
        "code": "education",
        "listRelation": "",
        "industryId": ""
    },
    {
        "id": "102a0f85-1b4c-4f9e-8e5d-bfce109c0311",
        "placeholder": "",
        "hashCode": "0006.0001",
        "groupCode": "SYSTEM",
        "index": 1,
        "order": 2,
        "parentId": "6ba7b817-9dad-11d1-80b4-00c04fd430c6",
        "typeCode": "Education",
        "label": "Tên trường",
        "inputType": "text",
        "defaultValue": "",
        "listValueOption": "[]",
        "css": "{\"responsive\":{\"desktop\":12,\"tablet\":12,\"mobile\":12},\"label\":{\"fontSize\":\"16px\",\"color\":\"#000000\",\"icon\":\"\"},\"content\":{\"fontSize\":\"16px\",\"color\":\"#000000\",\"icon\":\"\"},\"flex\":\"flex-column\"}",
        "fomular": "",
        "code": "edu_school",
        "listRelation": "",
        "isRequired": false,
        "industryId": ""
    },
    {
        "id": "abc178e6-9e90-4c17-9d4f-41398be1c49b",
        "placeholder": "",
        "hashCode": "0006.0002",
        "groupCode": "SYSTEM",
        "index": 2,
        "order": 2,
        "parentId": "6ba7b817-9dad-11d1-80b4-00c04fd430c6",
        "typeCode": "Education",
        "label": "Ngành học / Chuyên ngành",
        "inputType": "text",
        "defaultValue": "",
        "listValueOption": "[]",
        "css": "{\"responsive\":{\"desktop\":12,\"tablet\":12,\"mobile\":12},\"label\":{\"fontSize\":\"16px\",\"color\":\"#000000\",\"icon\":\"\"},\"content\":{\"fontSize\":\"16px\",\"color\":\"#000000\",\"icon\":\"\"},\"flex\":\"flex-column\"}",
        "fomular": "",
        "code": "edu_major",
        "listRelation": "",
        "isRequired": false,
        "industryId": ""
    },
    {
        "id": "b56a2d4e-60f1-4f0e-a3f2-f7a5aadb2c78",
        "placeholder": "",
        "hashCode": "0006.0003",
        "groupCode": "SYSTEM",
        "index": 3,
        "order": 2,
        "parentId": "6ba7b817-9dad-11d1-80b4-00c04fd430c6",
        "typeCode": "Education",
        "label": "Trình độ",
        "inputType": "select",
        "defaultValue": "",
        "listValueOption": "[]",
        "css": "{\"responsive\":{\"desktop\":12,\"tablet\":12,\"mobile\":12},\"label\":{\"fontSize\":\"16px\",\"color\":\"#000000\",\"icon\":\"\"},\"content\":{\"fontSize\":\"16px\",\"color\":\"#000000\",\"icon\":\"\"},\"flex\":\"flex-column\"}",
        "fomular": "",
        "code": "edu_level",
        "listRelation": "",
        "isRequired": false,
        "industryId": "",
        "dataCode": "EDU_LEVEL"
    },
    {
        "id": "dce6451a-1ebf-4cd2-88b2-b7805c01ee96",
        "placeholder": "",
        "hashCode": "0006.0004",
        "groupCode": "SYSTEM",
        "index": 4,
        "order": 2,
        "parentId": "6ba7b817-9dad-11d1-80b4-00c04fd430c6",
        "typeCode": "Education",
        "label": "Thời gian bắt đầu",
        "inputType": "date",
        "defaultValue": "",
        "listValueOption": "[]",
        "css": "{\"responsive\":{\"desktop\":12,\"tablet\":12,\"mobile\":12},\"label\":{\"fontSize\":\"16px\",\"color\":\"#000000\",\"icon\":\"\"},\"content\":{\"fontSize\":\"16px\",\"color\":\"#000000\",\"icon\":\"\"},\"flex\":\"flex-column\"}",
        "fomular": "",
        "code": "edu_start",
        "listRelation": "",
        "isRequired": false,
        "industryId": ""
    },
    {
        "id": "f8a59b4b-66e2-4f0b-9df6-f81956a25cd0",
        "placeholder": "",
        "hashCode": "0006.0005",
        "groupCode": "SYSTEM",
        "index": 5,
        "order": 2,
        "parentId": "6ba7b817-9dad-11d1-80b4-00c04fd430c6",
        "typeCode": "Education",
        "label": "Thời gian kết thúc",
        "inputType": "date",
        "defaultValue": "",
        "listValueOption": "[]",
        "css": "{\"responsive\":{\"desktop\":12,\"tablet\":12,\"mobile\":12},\"label\":{\"fontSize\":\"16px\",\"color\":\"#000000\",\"icon\":\"\"},\"content\":{\"fontSize\":\"16px\",\"color\":\"#000000\",\"icon\":\"\"},\"flex\":\"flex-column\"}",
        "fomular": "",
        "code": "edu_end",
        "listRelation": "",
        "isRequired": false,
        "industryId": ""
    },
    {
        "id": "cefdde8f-d4f3-4a6c-9739-d378384540f7",
        "placeholder": "",
        "hashCode": "0006.0006",
        "groupCode": "SYSTEM",
        "index": 6,
        "order": 2,
        "parentId": "6ba7b817-9dad-11d1-80b4-00c04fd430c6",
        "typeCode": "Education",
        "label": "Đang học",
        "inputType": "checkbox",
        "defaultValue": "",
        "listValueOption": "[]",
        "css": "{\"responsive\":{\"desktop\":12,\"tablet\":12,\"mobile\":12},\"label\":{\"fontSize\":\"16px\",\"color\":\"#000000\",\"icon\":\"\"},\"content\":{\"fontSize\":\"16px\",\"color\":\"#000000\",\"icon\":\"\"},\"flex\":\"flex-column\"}",
        "fomular": "",
        "code": "edu_is_studying",
        "listRelation": "",
        "isRequired": false,
        "industryId": ""
    },
    {
        "id": "e31e155c-0ba1-4998-aeb5-bc504efcf0d2",
        "placeholder": "",
        "hashCode": "0006.0007",
        "groupCode": "SYSTEM",
        "index": 7,
        "order": 2,
        "parentId": "6ba7b817-9dad-11d1-80b4-00c04fd430c6",
        "typeCode": "Education",
        "label": "Thành tích nổi bật",
        "inputType": "textarea",
        "defaultValue": "",
        "listValueOption": "[]",
        "css": "{\"responsive\":{\"desktop\":12,\"tablet\":12,\"mobile\":12},\"label\":{\"fontSize\":\"16px\",\"color\":\"#000000\",\"icon\":\"\"},\"content\":{\"fontSize\":\"16px\",\"color\":\"#000000\",\"icon\":\"\"},\"flex\":\"flex-column\"}",
        "fomular": "",
        "code": "edu_achievement",
        "listRelation": "",
        "isRequired": false,
        "industryId": ""
    },
    {
        "id": "6ba7b821-9dad-11d1-80b4-00c04fd430c7",
        "placeholder": "",
        "hashCode": "0007",
        "groupCode": "SYSTEM",
        "index": 7,
        "order": 1,
        "parentId": null,
        "typeCode": "Skill",
        "label": "Kỹ năng",
        "inputType": "group",
        "defaultValue": "",
        "listValueOption": "[]",
        "css": "{\"responsive\":{\"desktop\":12,\"tablet\":12,\"mobile\":12},\"label\":{\"fontSize\":\"16px\",\"color\":\"#000000\",\"icon\":\"\"},\"content\":{\"fontSize\":\"16px\",\"color\":\"#000000\",\"icon\":\"\"},\"flex\":\"flex-column\"}",
        "fomular": "",
        "code": "skills",
        "listRelation": "",
        "industryId": ""
    },
    {
        "id": "3f3d509f-33fa-4203-94e1-98ec243da4e1",
        "placeholder": "",
        "hashCode": "0007.0001",
        "groupCode": "SYSTEM",
        "index": 1,
        "order": 2,
        "parentId": "6ba7b821-9dad-11d1-80b4-00c04fd430c7",
        "typeCode": "Skill",
        "label": "Tên kỹ năng",
        "inputType": "text",
        "defaultValue": "",
        "listValueOption": "[]",
        "css": "{\"responsive\":{\"desktop\":12,\"tablet\":12,\"mobile\":12},\"label\":{\"fontSize\":\"16px\",\"color\":\"#000000\",\"icon\":\"\"},\"content\":{\"fontSize\":\"16px\",\"color\":\"#000000\",\"icon\":\"\"},\"flex\":\"flex-column\"}",
        "fomular": "",
        "code": "skill_name",
        "listRelation": "",
        "isRequired": false,
        "industryId": ""
    },
    {
        "id": "bb1e0e5c-6637-4c20-bb65-3cf3427e2dd3",
        "placeholder": "",
        "hashCode": "0007.0002",
        "groupCode": "SYSTEM",
        "index": 2,
        "order": 2,
        "parentId": "6ba7b821-9dad-11d1-80b4-00c04fd430c7",
        "typeCode": "Skill",
        "label": "Mức độ thành thạo",
        "inputType": "select",
        "defaultValue": "",
        "listValueOption": "[]",
        "css": "{\"responsive\":{\"desktop\":12,\"tablet\":12,\"mobile\":12},\"label\":{\"fontSize\":\"16px\",\"color\":\"#000000\",\"icon\":\"\"},\"content\":{\"fontSize\":\"16px\",\"color\":\"#000000\",\"icon\":\"\"},\"flex\":\"flex-column\"}",
        "fomular": "",
        "code": "skill_level",
        "listRelation": "",
        "isRequired": false,
        "industryId": "",
        "dataCode": "SKILL_LEVEL"
    },
    {
        "id": "e9f3b687-1de2-42ae-83e3-dbe293e52ad4",
        "placeholder": "",
        "hashCode": "0007.0003",
        "groupCode": "SYSTEM",
        "index": 3,
        "order": 2,
        "parentId": "6ba7b821-9dad-11d1-80b4-00c04fd430c7",
        "typeCode": "Skill",
        "label": "Loại kỹ năng",
        "inputType": "select",
        "defaultValue": "",
        "listValueOption": "[\"Kỹ năng cứng\", \"Kỹ năng mềm\"]",
        "css": "{\"responsive\":{\"desktop\":12,\"tablet\":12,\"mobile\":12},\"label\":{\"fontSize\":\"16px\",\"color\":\"#000000\",\"icon\":\"\"},\"content\":{\"fontSize\":\"16px\",\"color\":\"#000000\",\"icon\":\"\"},\"flex\":\"flex-column\"}",
        "fomular": "",
        "code": "skill_type",
        "listRelation": "",
        "isRequired": false,
        "industryId": ""
    },
    {
        "id": "9c1fc18e-7460-4c04-8124-18501934fc54",
        "placeholder": "",
        "hashCode": "0007.0004",
        "groupCode": "SYSTEM",
        "index": 4,
        "order": 2,
        "parentId": "6ba7b821-9dad-11d1-80b4-00c04fd430c7",
        "typeCode": "Skill",
        "label": "Mô tả thêm",
        "inputType": "textarea",
        "defaultValue": "",
        "listValueOption": "[]",
        "css": "{\"responsive\":{\"desktop\":12,\"tablet\":12,\"mobile\":12},\"label\":{\"fontSize\":\"16px\",\"color\":\"#000000\",\"icon\":\"\"},\"content\":{\"fontSize\":\"16px\",\"color\":\"#000000\",\"icon\":\"\"},\"flex\":\"flex-column\"}",
        "fomular": "",
        "code": "skill_note",
        "listRelation": "",
        "isRequired": false,
        "industryId": ""
    },
    {
        "id": "6ba7b818-9dad-11d1-80b4-00c04fd430c8",
        "placeholder": "",
        "hashCode": "0008",
        "groupCode": "SYSTEM",
        "index": 8,
        "order": 1,
        "parentId": null,
        "typeCode": "Award",
        "label": "Giải thưởng",
        "inputType": "group",
        "defaultValue": "",
        "listValueOption": "[]",
        "css": "{\"responsive\":{\"desktop\":12,\"tablet\":12,\"mobile\":12},\"label\":{\"fontSize\":\"16px\",\"color\":\"#000000\",\"icon\":\"\"},\"content\":{\"fontSize\":\"16px\",\"color\":\"#000000\",\"icon\":\"\"},\"flex\":\"flex-column\"}",
        "fomular": "",
        "code": "award",
        "listRelation": "",
        "industryId": ""
    },
    {
        "id": "8a97c0b1-34e1-41b5-b45f-c39ad9e9fbe1",
        "placeholder": "",
        "hashCode": "0008.0001",
        "groupCode": "SYSTEM",
        "index": 1,
        "order": 2,
        "parentId": "6ba7b818-9dad-11d1-80b4-00c04fd430c8",
        "typeCode": "Award",
        "label": "Tên giải thưởng",
        "inputType": "text",
        "defaultValue": "",
        "listValueOption": "[]",
        "css": "{\"responsive\":{\"desktop\":12,\"tablet\":12,\"mobile\":12},\"label\":{\"fontSize\":\"16px\",\"color\":\"#000000\",\"icon\":\"\"},\"content\":{\"fontSize\":\"16px\",\"color\":\"#000000\",\"icon\":\"\"},\"flex\":\"flex-column\"}",
        "fomular": "",
        "code": "award_title",
        "listRelation": "",
        "isRequired": false,
        "industryId": ""
    },
    {
        "id": "0d9914a9-9330-4e0e-86a1-8fe90c8e7ad6",
        "placeholder": "",
        "hashCode": "0008.0002",
        "groupCode": "SYSTEM",
        "index": 2,
        "order": 2,
        "parentId": "6ba7b818-9dad-11d1-80b4-00c04fd430c8",
        "typeCode": "Award",
        "label": "Cơ quan tổ chức",
        "inputType": "text",
        "defaultValue": "",
        "listValueOption": "[]",
        "css": "{\"responsive\":{\"desktop\":12,\"tablet\":12,\"mobile\":12},\"label\":{\"fontSize\":\"16px\",\"color\":\"#000000\",\"icon\":\"\"},\"content\":{\"fontSize\":\"16px\",\"color\":\"#000000\",\"icon\":\"\"},\"flex\":\"flex-column\"}",
        "fomular": "",
        "code": "award_org",
        "listRelation": "",
        "isRequired": false,
        "industryId": ""
    },
    {
        "id": "7d5c1f7c-2a71-47e0-8104-54ef6b9a7b47",
        "placeholder": "",
        "hashCode": "0008.0003",
        "groupCode": "SYSTEM",
        "index": 3,
        "order": 2,
        "parentId": "6ba7b818-9dad-11d1-80b4-00c04fd430c8",
        "typeCode": "Award",
        "label": "Thời gian nhận giải",
        "inputType": "date",
        "defaultValue": "",
        "listValueOption": "[]",
        "css": "{\"responsive\":{\"desktop\":12,\"tablet\":12,\"mobile\":12},\"label\":{\"fontSize\":\"16px\",\"color\":\"#000000\",\"icon\":\"\"},\"content\":{\"fontSize\":\"16px\",\"color\":\"#000000\",\"icon\":\"\"},\"flex\":\"flex-column\"}",
        "fomular": "",
        "code": "award_date",
        "listRelation": "",
        "isRequired": false,
        "industryId": ""
    },
    {
        "id": "54fdc18a-0718-49c4-9fd8-0c2538b1324a",
        "placeholder": "",
        "hashCode": "0008.0004",
        "groupCode": "SYSTEM",
        "index": 4,
        "order": 2,
        "parentId": "6ba7b818-9dad-11d1-80b4-00c04fd430c8",
        "typeCode": "Award",
        "label": "Mô tả / Thành tích",
        "inputType": "textarea",
        "defaultValue": "",
        "listValueOption": "[]",
        "css": "{\"responsive\":{\"desktop\":12,\"tablet\":12,\"mobile\":12},\"label\":{\"fontSize\":\"16px\",\"color\":\"#000000\",\"icon\":\"\"},\"content\":{\"fontSize\":\"16px\",\"color\":\"#000000\",\"icon\":\"\"},\"flex\":\"flex-column\"}",
        "fomular": "",
        "code": "award_desc",
        "listRelation": "",
        "isRequired": false,
        "industryId": ""
    },
    {
        "id": "6ba7b819-9dad-11d1-80b4-00c04fd430c9",
        "placeholder": "",
        "hashCode": "0009",
        "groupCode": "SYSTEM",
        "index": 9,
        "order": 1,
        "parentId": null,
        "typeCode": "Certificate",
        "label": "Chứng chỉ",
        "inputType": "group",
        "defaultValue": "",
        "listValueOption": "[]",
        "css": "{\"responsive\":{\"desktop\":12,\"tablet\":12,\"mobile\":12},\"label\":{\"fontSize\":\"16px\",\"color\":\"#000000\",\"icon\":\"\"},\"content\":{\"fontSize\":\"16px\",\"color\":\"#000000\",\"icon\":\"\"},\"flex\":\"flex-column\"}",
        "fomular": "",
        "code": "certificate",
        "listRelation": "",
        "industryId": ""
    },
    {
        "id": "69c05f2b-2de4-4a0e-ae6e-0082a2a7a291",
        "placeholder": "",
        "hashCode": "0009.0001",
        "groupCode": "SYSTEM",
        "index": 1,
        "order": 2,
        "parentId": "6ba7b819-9dad-11d1-80b4-00c04fd430c9",
        "typeCode": "Certificate",
        "label": "Tên chứng chỉ",
        "inputType": "text",
        "defaultValue": "",
        "listValueOption": "[]",
        "css": "{\"responsive\":{\"desktop\":12,\"tablet\":12,\"mobile\":12},\"label\":{\"fontSize\":\"16px\",\"color\":\"#000000\",\"icon\":\"\"},\"content\":{\"fontSize\":\"16px\",\"color\":\"#000000\",\"icon\":\"\"},\"flex\":\"flex-column\"}",
        "fomular": "",
        "code": "cert_title",
        "listRelation": "",
        "isRequired": false,
        "industryId": ""
    },
    {
        "id": "f2bc3742-e31b-41d1-9a2d-264546b9a65b",
        "placeholder": "",
        "hashCode": "0009.0002",
        "groupCode": "SYSTEM",
        "index": 2,
        "order": 2,
        "parentId": "6ba7b819-9dad-11d1-80b4-00c04fd430c9",
        "typeCode": "Certificate",
        "label": "Tổ chức cấp",
        "inputType": "text",
        "defaultValue": "",
        "listValueOption": "[]",
        "css": "{\"responsive\":{\"desktop\":12,\"tablet\":12,\"mobile\":12},\"label\":{\"fontSize\":\"16px\",\"color\":\"#000000\",\"icon\":\"\"},\"content\":{\"fontSize\":\"16px\",\"color\":\"#000000\",\"icon\":\"\"},\"flex\":\"flex-column\"}",
        "fomular": "",
        "code": "cert_issuer",
        "listRelation": "",
        "isRequired": false,
        "industryId": ""
    },
    {
        "id": "cb091f13-e40e-4b0c-b1f7-b8b9e658ce85",
        "placeholder": "",
        "hashCode": "0009.0003",
        "groupCode": "SYSTEM",
        "index": 3,
        "order": 2,
        "parentId": "6ba7b819-9dad-11d1-80b4-00c04fd430c9",
        "typeCode": "Certificate",
        "label": "Ngày cấp",
        "inputType": "date",
        "defaultValue": "",
        "listValueOption": "[]",
        "css": "{\"responsive\":{\"desktop\":12,\"tablet\":12,\"mobile\":12},\"label\":{\"fontSize\":\"16px\",\"color\":\"#000000\",\"icon\":\"\"},\"content\":{\"fontSize\":\"16px\",\"color\":\"#000000\",\"icon\":\"\"},\"flex\":\"flex-column\"}",
        "fomular": "",
        "code": "cert_date",
        "listRelation": "",
        "isRequired": false,
        "industryId": ""
    },
    {
        "id": "e9a149a1-d244-4c3e-8f59-66e4572e2f1d",
        "placeholder": "",
        "hashCode": "0009.0004",
        "groupCode": "SYSTEM",
        "index": 4,
        "order": 2,
        "parentId": "6ba7b819-9dad-11d1-80b4-00c04fd430c9",
        "typeCode": "Certificate",
        "label": "Ngày hết hạn",
        "inputType": "date",
        "defaultValue": "",
        "listValueOption": "[]",
        "css": "{\"responsive\":{\"desktop\":12,\"tablet\":12,\"mobile\":12},\"label\":{\"fontSize\":\"16px\",\"color\":\"#000000\",\"icon\":\"\"},\"content\":{\"fontSize\":\"16px\",\"color\":\"#000000\",\"icon\":\"\"},\"flex\":\"flex-column\"}",
        "fomular": "",
        "code": "cert_expiration",
        "listRelation": "",
        "isRequired": false,
        "industryId": ""
    },
    {
        "id": "15a57be6-d709-47fc-893e-8c9b9a531e6e",
        "placeholder": "",
        "hashCode": "0009.0005",
        "groupCode": "SYSTEM",
        "index": 5,
        "order": 2,
        "parentId": "6ba7b819-9dad-11d1-80b4-00c04fd430c9",
        "typeCode": "Certificate",
        "label": "Tệp đính kèm",
        "inputType": "file",
        "defaultValue": "",
        "listValueOption": "[]",
        "css": "{\"responsive\":{\"desktop\":12,\"tablet\":12,\"mobile\":12},\"label\":{\"fontSize\":\"16px\",\"color\":\"#000000\",\"icon\":\"\"},\"content\":{\"fontSize\":\"16px\",\"color\":\"#000000\",\"icon\":\"\"},\"flex\":\"flex-column\"}",
        "fomular": "",
        "code": "cert_attachment",
        "listRelation": "",
        "isRequired": false,
        "industryId": ""
    },
    {
        "id": "6ba7b820-9dad-11d1-80b4-00c04fd430d0",
        "placeholder": "",
        "hashCode": "0010",
        "groupCode": "SYSTEM",
        "index": 10,
        "order": 1,
        "parentId": null,
        "typeCode": "Activity",
        "label": "Hoạt động",
        "inputType": "group",
        "defaultValue": "",
        "listValueOption": "[]",
        "css": "{\"responsive\":{\"desktop\":12,\"tablet\":12,\"mobile\":12},\"label\":{\"fontSize\":\"16px\",\"color\":\"#000000\",\"icon\":\"\"},\"content\":{\"fontSize\":\"16px\",\"color\":\"#000000\",\"icon\":\"\"},\"flex\":\"flex-column\"}",
        "fomular": "",
        "code": "activity",
        "listRelation": "",
        "industryId": ""
    },
    {
        "id": "6c7fe312-b8ef-4cb8-8fe5-2b987c973eef",
        "placeholder": "",
        "hashCode": "0010.0001",
        "groupCode": "SYSTEM",
        "index": 1,
        "order": 2,
        "parentId": "6ba7b820-9dad-11d1-80b4-00c04fd430d0",
        "typeCode": "Activity",
        "label": "Tên hoạt động",
        "inputType": "text",
        "defaultValue": "",
        "listValueOption": "[]",
        "css": "{\"responsive\":{\"desktop\":12,\"tablet\":12,\"mobile\":12},\"label\":{\"fontSize\":\"16px\",\"color\":\"#000000\",\"icon\":\"\"},\"content\":{\"fontSize\":\"16px\",\"color\":\"#000000\",\"icon\":\"\"},\"flex\":\"flex-column\"}",
        "fomular": "",
        "code": "activity_title",
        "listRelation": "",
        "isRequired": false,
        "industryId": ""
    },
    {
        "id": "3de66a24-239e-41ef-ae4a-3f8cb1e67a5b",
        "placeholder": "",
        "hashCode": "0010.0002",
        "groupCode": "SYSTEM",
        "index": 2,
        "order": 2,
        "parentId": "6ba7b820-9dad-11d1-80b4-00c04fd430d0",
        "typeCode": "Activity",
        "label": "Vai trò",
        "inputType": "text",
        "defaultValue": "",
        "listValueOption": "[]",
        "css": "{\"responsive\":{\"desktop\":12,\"tablet\":12,\"mobile\":12},\"label\":{\"fontSize\":\"16px\",\"color\":\"#000000\",\"icon\":\"\"},\"content\":{\"fontSize\":\"16px\",\"color\":\"#000000\",\"icon\":\"\"},\"flex\":\"flex-column\"}",
        "fomular": "",
        "code": "activity_role",
        "listRelation": "",
        "isRequired": false,
        "industryId": ""
    },
    {
        "id": "b2c7b912-5f24-414f-bfad-4bc9a1bc604f",
        "placeholder": "",
        "hashCode": "0010.0003",
        "groupCode": "SYSTEM",
        "index": 3,
        "order": 2,
        "parentId": "6ba7b820-9dad-11d1-80b4-00c04fd430d0",
        "typeCode": "Activity",
        "label": "Tổ chức",
        "inputType": "text",
        "defaultValue": "",
        "listValueOption": "[]",
        "css": "{\"responsive\":{\"desktop\":12,\"tablet\":12,\"mobile\":12},\"label\":{\"fontSize\":\"16px\",\"color\":\"#000000\",\"icon\":\"\"},\"content\":{\"fontSize\":\"16px\",\"color\":\"#000000\",\"icon\":\"\"},\"flex\":\"flex-column\"}",
        "fomular": "",
        "code": "activity_org",
        "listRelation": "",
        "isRequired": false,
        "industryId": ""
    },
    {
        "id": "a67fdc25-29b9-43f1-b420-cd0af5741a32",
        "placeholder": "",
        "hashCode": "0010.0004",
        "groupCode": "SYSTEM",
        "index": 4,
        "order": 2,
        "parentId": "6ba7b820-9dad-11d1-80b4-00c04fd430d0",
        "typeCode": "Activity",
        "label": "Thời gian tham gia",
        "inputType": "date",
        "defaultValue": "",
        "listValueOption": "[]",
        "css": "{\"responsive\":{\"desktop\":12,\"tablet\":12,\"mobile\":12},\"label\":{\"fontSize\":\"16px\",\"color\":\"#000000\",\"icon\":\"\"},\"content\":{\"fontSize\":\"16px\",\"color\":\"#000000\",\"icon\":\"\"},\"flex\":\"flex-column\"}",
        "fomular": "",
        "code": "activity_date",
        "listRelation": "",
        "isRequired": false,
        "industryId": ""
    },
    {
        "id": "c25113ea-4bd7-49cf-a471-9858e3bc71dc",
        "placeholder": "",
        "hashCode": "0010.0005",
        "groupCode": "SYSTEM",
        "index": 5,
        "order": 2,
        "parentId": "6ba7b820-9dad-11d1-80b4-00c04fd430d0",
        "typeCode": "Activity",
        "label": "Mô tả hoạt động",
        "inputType": "textarea",
        "defaultValue": "",
        "listValueOption": "[]",
        "css": "{\"responsive\":{\"desktop\":12,\"tablet\":12,\"mobile\":12},\"label\":{\"fontSize\":\"16px\",\"color\":\"#000000\",\"icon\":\"\"},\"content\":{\"fontSize\":\"16px\",\"color\":\"#000000\",\"icon\":\"\"},\"flex\":\"flex-column\"}",
        "fomular": "",
        "code": "activity_desc",
        "listRelation": "",
        "isRequired": false,
        "industryId": ""
    },
    {
        "id": "6ba7b822-9dad-11d1-80b4-00c04fd430d1",
        "placeholder": "",
        "hashCode": "0011",
        "groupCode": "SYSTEM",
        "index": 11,
        "order": 1,
        "parentId": null,
        "typeCode": "Interest",
        "label": "Sở thích",
        "inputType": "group",
        "defaultValue": "",
        "listValueOption": "[]",
        "css": "{\"responsive\":{\"desktop\":12,\"tablet\":12,\"mobile\":12},\"label\":{\"fontSize\":\"16px\",\"color\":\"#000000\",\"icon\":\"\"},\"content\":{\"fontSize\":\"16px\",\"color\":\"#000000\",\"icon\":\"\"},\"flex\":\"flex-column\"}",
        "fomular": "",
        "code": "interest",
        "listRelation": "",
        "industryId": ""
    },
    {
        "id": "a8fbd317-2c6d-4b87-8b7e-5d3e56f4e9a9",
        "placeholder": "",
        "hashCode": "0011.0001",
        "groupCode": "SYSTEM",
        "index": 1,
        "order": 2,
        "parentId": "6ba7b822-9dad-11d1-80b4-00c04fd430d1",
        "typeCode": "Interest",
        "label": "Tên sở thích",
        "inputType": "text",
        "defaultValue": "",
        "listValueOption": "[]",
        "css": "{\"responsive\":{\"desktop\":12,\"tablet\":12,\"mobile\":12},\"label\":{\"fontSize\":\"16px\",\"color\":\"#000000\",\"icon\":\"\"},\"content\":{\"fontSize\":\"16px\",\"color\":\"#000000\",\"icon\":\"\"},\"flex\":\"flex-column\"}",
        "fomular": "",
        "code": "interest_name",
        "listRelation": "",
        "isRequired": false,
        "industryId": ""
    },
    {
        "id": "e34a198b-efb4-41c7-8238-14d5644ff9e7",
        "placeholder": "",
        "hashCode": "0011.0002",
        "groupCode": "SYSTEM",
        "index": 2,
        "order": 2,
        "parentId": "6ba7b822-9dad-11d1-80b4-00c04fd430d1",
        "typeCode": "Interest",
        "label": "Mô tả",
        "inputType": "textarea",
        "defaultValue": "",
        "listValueOption": "[]",
        "css": "{\"responsive\":{\"desktop\":12,\"tablet\":12,\"mobile\":12},\"label\":{\"fontSize\":\"16px\",\"color\":\"#000000\",\"icon\":\"\"},\"content\":{\"fontSize\":\"16px\",\"color\":\"#000000\",\"icon\":\"\"},\"flex\":\"flex-column\"}",
        "fomular": "",
        "code": "interest_desc",
        "listRelation": "",
        "isRequired": false,
        "industryId": ""
    },
    {
        "id": "4c592c69-7e12-43b7-b282-84f3828f79af",
        "placeholder": "",
        "hashCode": "0011.0003",
        "groupCode": "SYSTEM",
        "index": 3,
        "order": 2,
        "parentId": "6ba7b822-9dad-11d1-80b4-00c04fd430d1",
        "typeCode": "Interest",
        "label": "Mức độ yêu thích",
        "inputType": "select",
        "defaultValue": "Trung bình",
        "listValueOption": "[]",
        "css": "{\"responsive\":{\"desktop\":12,\"tablet\":12,\"mobile\":12},\"label\":{\"fontSize\":\"16px\",\"color\":\"#000000\",\"icon\":\"\"},\"content\":{\"fontSize\":\"16px\",\"color\":\"#000000\",\"icon\":\"\"},\"flex\":\"flex-column\"}",
        "fomular": "",
        "code": "interest_level",
        "listRelation": "",
        "isRequired": false,
        "industryId": "",
        "dataCode": "INTEREST_LEVEL"
    },
    {
        "id": "b6fd0c32-dc3a-4b2a-8d7d-8a3bcb2c1a1a",
        "placeholder": "",
        "hashCode": "0012",
        "groupCode": "SYSTEM",
        "index": 12,
        "order": 1,
        "parentId": null,
        "typeCode": "RecruitmentInfo",
        "label": "Thông tin tuyển dụng",
        "inputType": "group",
        "defaultValue": "",
        "listValueOption": "[]",
        "css": "{\"responsive\":{\"desktop\":12,\"tablet\":12,\"mobile\":12},\"label\":{\"fontSize\":\"16px\",\"color\":\"#000000\",\"icon\":\"\"},\"content\":{\"fontSize\":\"16px\",\"color\":\"#000000\",\"icon\":\"\"},\"flex\":\"flex-column\"}",
        "fomular": "",
        "code": "recruitment_info",
        "listRelation": "",
        "industryId": ""
    },
    {
        "id": "60bc3d0b-23d0-4c7a-a90d-51a0d8c5a371",
        "placeholder": "",
        "hashCode": "0012.0001",
        "groupCode": "SYSTEM",
        "index": 1,
        "order": 2,
        "parentId": "b6fd0c32-dc3a-4b2a-8d7d-8a3bcb2c1a1a",
        "typeCode": "RecruitmentInfo",
        "label": "Vị trí ứng tuyển",
        "inputType": "text",
        "defaultValue": "",
        "listValueOption": "[]",
        "css": "{\"responsive\":{\"desktop\":12,\"tablet\":12,\"mobile\":12},\"label\":{\"fontSize\":\"16px\",\"color\":\"#000000\",\"icon\":\"\"},\"content\":{\"fontSize\":\"16px\",\"color\":\"#000000\",\"icon\":\"\"},\"flex\":\"flex-column\"}",
        "fomular": "",
        "code": "position_applied",
        "listRelation": "",
        "isRequired": true,
        "industryId": ""
    },
    {
        "id": "d90dc33b-0d98-403c-bf58-872fdc12e10b",
        "placeholder": "",
        "hashCode": "0012.0002",
        "groupCode": "SYSTEM",
        "index": 2,
        "order": 2,
        "parentId": "b6fd0c32-dc3a-4b2a-8d7d-8a3bcb2c1a1a",
        "typeCode": "RecruitmentInfo",
        "label": "Mức lương mong muốn",
        "inputType": "text",
        "defaultValue": "",
        "listValueOption": "[]",
        "css": "{\"responsive\":{\"desktop\":12,\"tablet\":12,\"mobile\":12},\"label\":{\"fontSize\":\"16px\",\"color\":\"#000000\",\"icon\":\"\"},\"content\":{\"fontSize\":\"16px\",\"color\":\"#000000\",\"icon\":\"\"},\"flex\":\"flex-column\"}",
        "fomular": "",
        "code": "expected_salary",
        "listRelation": "",
        "isRequired": false,
        "industryId": ""
    },
    {
        "id": "46911f8d-7b5f-4cf3-9f9d-85a8ad8efb99",
        "placeholder": "",
        "hashCode": "0012.0003",
        "groupCode": "SYSTEM",
        "index": 3,
        "order": 2,
        "parentId": "b6fd0c32-dc3a-4b2a-8d7d-8a3bcb2c1a1a",
        "typeCode": "RecruitmentInfo",
        "label": "Thời gian có thể bắt đầu làm việc",
        "inputType": "date",
        "defaultValue": "",
        "listValueOption": "[]",
        "css": "{\"responsive\":{\"desktop\":12,\"tablet\":12,\"mobile\":12},\"label\":{\"fontSize\":\"16px\",\"color\":\"#000000\",\"icon\":\"\"},\"content\":{\"fontSize\":\"16px\",\"color\":\"#000000\",\"icon\":\"\"},\"flex\":\"flex-column\"}",
        "fomular": "",
        "code": "start_date",
        "listRelation": "",
        "isRequired": false,
        "industryId": ""
    },
    {
        "id": "a42e6f6c-b5e0-4dd3-a3e7-d07c6f06efdf",
        "placeholder": "",
        "hashCode": "0012.0004",
        "groupCode": "SYSTEM",
        "index": 4,
        "order": 2,
        "parentId": "b6fd0c32-dc3a-4b2a-8d7d-8a3bcb2c1a1a",
        "typeCode": "RecruitmentInfo",
        "label": "Hình thức làm việc mong muốn",
        "inputType": "select",
        "defaultValue": "",
        "listValueOption": "[]",
        "css": "{\"responsive\":{\"desktop\":12,\"tablet\":12,\"mobile\":12},\"label\":{\"fontSize\":\"16px\",\"color\":\"#000000\",\"icon\":\"\"},\"content\":{\"fontSize\":\"16px\",\"color\":\"#000000\",\"icon\":\"\"},\"flex\":\"flex-column\"}",
        "fomular": "",
        "code": "working_type",
        "listRelation": "",
        "isRequired": false,
        "industryId": "",
        "dataCode": "WORKING_TYPE"
    },
    {
        "id": "6cb65c46-8ec1-4b49-a5b1-07f89162a5fb",
        "placeholder": "",
        "hashCode": "0012.0005",
        "groupCode": "SYSTEM",
        "index": 5,
        "order": 2,
        "parentId": "b6fd0c32-dc3a-4b2a-8d7d-8a3bcb2c1a1a",
        "typeCode": "RecruitmentInfo",
        "label": "Nơi làm việc mong muốn",
        "inputType": "text",
        "defaultValue": "",
        "listValueOption": "[]",
        "css": "{\"responsive\":{\"desktop\":12,\"tablet\":12,\"mobile\":12},\"label\":{\"fontSize\":\"16px\",\"color\":\"#000000\",\"icon\":\"\"},\"content\":{\"fontSize\":\"16px\",\"color\":\"#000000\",\"icon\":\"\"},\"flex\":\"flex-column\"}",
        "fomular": "",
        "code": "preferred_location",
        "listRelation": "",
        "isRequired": false,
        "industryId": ""
    },
    {
        "id": "f4920e75-86f7-4f16-9c07-9ef9a0e00213",
        "placeholder": "",
        "hashCode": "0013",
        "groupCode": "SYSTEM",
        "index": 13,
        "order": 1,
        "parentId": null,
        "typeCode": "AdditionalQuestion",
        "label": "Câu hỏi bổ sung",
        "inputType": "group",
        "defaultValue": "",
        "listValueOption": "[]",
        "css": "{\"responsive\":{\"desktop\":12,\"tablet\":12,\"mobile\":12},\"label\":{\"fontSize\":\"16px\",\"color\":\"#000000\",\"icon\":\"\"},\"content\":{\"fontSize\":\"16px\",\"color\":\"#000000\",\"icon\":\"\"},\"flex\":\"flex-column\"}",
        "fomular": "",
        "code": "additional_question",
        "listRelation": "",
        "industryId": ""
    },
    {
        "id": "fb1f0635-d1d7-41ed-b0fd-6bc5d949a001",
        "placeholder": "",
        "hashCode": "0013.0001",
        "groupCode": "SYSTEM",
        "index": 1,
        "order": 2,
        "parentId": "f4920e75-86f7-4f16-9c07-9ef9a0e00213",
        "typeCode": "AdditionalQuestion",
        "label": "Bạn biết đến vị trí này qua đâu?",
        "inputType": "text",
        "defaultValue": "",
        "listValueOption": "[]",
        "css": "{\"responsive\":{\"desktop\":12,\"tablet\":12,\"mobile\":12},\"label\":{\"fontSize\":\"16px\",\"color\":\"#000000\",\"icon\":\"\"},\"content\":{\"fontSize\":\"16px\",\"color\":\"#000000\",\"icon\":\"\"},\"flex\":\"flex-column\"}",
        "fomular": "",
        "code": "source_info",
        "listRelation": "",
        "isRequired": false,
        "industryId": ""
    },
    {
        "id": "1f3a3bb4-1c14-4561-8cd7-c38a16f90002",
        "placeholder": "",
        "hashCode": "0013.0002",
        "groupCode": "SYSTEM",
        "index": 2,
        "order": 2,
        "parentId": "f4920e75-86f7-4f16-9c07-9ef9a0e00213",
        "typeCode": "AdditionalQuestion",
        "label": "Tại sao bạn muốn làm việc tại công ty?",
        "inputType": "textarea",
        "defaultValue": "",
        "listValueOption": "[]",
        "css": "{\"responsive\":{\"desktop\":12,\"tablet\":12,\"mobile\":12},\"label\":{\"fontSize\":\"16px\",\"color\":\"#000000\",\"icon\":\"\"},\"content\":{\"fontSize\":\"16px\",\"color\":\"#000000\",\"icon\":\"\"},\"flex\":\"flex-column\"}",
        "fomular": "",
        "code": "why_company",
        "listRelation": "",
        "isRequired": false,
        "industryId": ""
    },
    {
        "id": "f741fd6a-26b1-4292-9326-7f4ec2ef0003",
        "placeholder": "",
        "hashCode": "0013.0003",
        "groupCode": "SYSTEM",
        "index": 3,
        "order": 2,
        "parentId": "f4920e75-86f7-4f16-9c07-9ef9a0e00213",
        "typeCode": "AdditionalQuestion",
        "label": "Bạn có sẵn sàng làm thêm giờ / đi công tác không?",
        "inputType": "radio",
        "defaultValue": "",
        "listValueOption": "[\"Có\", \"Không\"]",
        "css": "{\"responsive\":{\"desktop\":12,\"tablet\":12,\"mobile\":12},\"label\":{\"fontSize\":\"16px\",\"color\":\"#000000\",\"icon\":\"\"},\"content\":{\"fontSize\":\"16px\",\"color\":\"#000000\",\"icon\":\"\"},\"flex\":\"flex-column\"}",
        "fomular": "",
        "code": "overtime_travel",
        "listRelation": "",
        "isRequired": false,
        "industryId": ""
    },
    {
        "id": "ce44a6f3-f5f3-4d25-932e-e50a93b40004",
        "placeholder": "",
        "hashCode": "0013.0004",
        "groupCode": "SYSTEM",
        "index": 4,
        "order": 2,
        "parentId": "f4920e75-86f7-4f16-9c07-9ef9a0e00213",
        "typeCode": "AdditionalQuestion",
        "label": "Mong muốn phát triển bản thân trong 2-3 năm tới?",
        "inputType": "textarea",
        "defaultValue": "",
        "listValueOption": "[]",
        "css": "{\"responsive\":{\"desktop\":12,\"tablet\":12,\"mobile\":12},\"label\":{\"fontSize\":\"16px\",\"color\":\"#000000\",\"icon\":\"\"},\"content\":{\"fontSize\":\"16px\",\"color\":\"#000000\",\"icon\":\"\"},\"flex\":\"flex-column\"}",
        "fomular": "",
        "code": "career_goal",
        "listRelation": "",
        "isRequired": false,
        "industryId": ""
    },
    {
        "id": "f9c6c0f2-37b1-4cfd-860f-973570410005",
        "placeholder": "",
        "hashCode": "0013.0005",
        "groupCode": "SYSTEM",
        "index": 5,
        "order": 2,
        "parentId": "f4920e75-86f7-4f16-9c07-9ef9a0e00213",
        "typeCode": "AdditionalQuestion",
        "label": "Các dự án từng tham gia",
        "inputType": "textarea",
        "defaultValue": "",
        "listValueOption": "[]",
        "css": "{\"responsive\":{\"desktop\":12,\"tablet\":12,\"mobile\":12},\"label\":{\"fontSize\":\"16px\",\"color\":\"#000000\",\"icon\":\"\"},\"content\":{\"fontSize\":\"16px\",\"color\":\"#000000\",\"icon\":\"\"},\"flex\":\"flex-column\"}",
        "fomular": "",
        "code": "past_projects",
        "listRelation": "",
        "isRequired": false,
        "industryId": ""
    },
    {
        "id": "842a235f-0aaf-4ac2-9f26-0a476d7f0006",
        "placeholder": "",
        "hashCode": "0013.0006",
        "groupCode": "SYSTEM",
        "index": 6,
        "order": 2,
        "parentId": "f4920e75-86f7-4f16-9c07-9ef9a0e00213",
        "typeCode": "AdditionalQuestion",
        "label": "Tải lên CV",
        "inputType": "file",
        "defaultValue": "",
        "listValueOption": "[]",
        "css": "{\"responsive\":{\"desktop\":12,\"tablet\":12,\"mobile\":12},\"label\":{\"fontSize\":\"16px\",\"color\":\"#000000\",\"icon\":\"\"},\"content\":{\"fontSize\":\"16px\",\"color\":\"#000000\",\"icon\":\"\"},\"flex\":\"flex-column\"}",
        "fomular": "",
        "code": "upload_cv",
        "listRelation": "",
        "isRequired": false,
        "industryId": ""
    }
]