[
    {
        "id": "default_template3",
        "code": "template_basic_3",
        "name": "template",
        "image": "string",
        "industry": "",
        "inputType": "template",
        "css": "{\"template\":{\"font\":\"Roboto\",\"fontSize\":13,\"lineHeight\":1.5,\"themeColor\":\"#4570de\", \"multiplierFS\": 1.1}}"
    },
    {
        "id": "default_row1",
        "templateId": "default_template1",
        "name": "row 1",
        "image": "string",
        "industry": "",
        "inputType": "row",
        "fieldIndex": 0
    },
    {
        "id": "default_col1",
        "rowId": "default_row1",
        "name": "col 1",
        "image": "string",
        "industry": "",
        "inputType": "col",
        "fieldIndex": 0,
        "css": "{\"width\":35}"
    },
    {
        "id": "default_col2",
        "rowId": "default_row1",
        "name": "col 2",
        "image": "string",
        "industry": "",
        "inputType": "col",
        "fieldIndex": 1,
        "css": "{\"width\":65}"
    },
    {
        "label": "Hình ảnh",
        "typeCode": "Avatar",
        "fieldIndex": 0,
        "columId": "default_col1",
        "inputType": "typeCode",
        "value": [
            {
                "industryId": "",
                "industryName": "",
                "label": "",
                "code": "avatar",
                "defaultValue": "/assets/media/default-avatar.png",
                "inputType": "image",
                "css": "{\"element\": {\"width\": \"200\",\"height\": \"200\"}}",   
                "_inputConfigOpenJson": {
                    "showToolbar": false,
                    "showAction": false,
                    "actionConfig": {
                        "showMoveUp": true,
                        "showMoveDown": true,
                        "showDelete": false,
                        "showAdd": false
                    },
                    "toolbarConfig": {
                        "showAlign": false,
                        "showOrderList": false
                    }
                }
            }
        ]
    },
    {
        "label": "Danh thiếp",
        "typeCode": "RecruitmentInfo",
        "fieldIndex": 1,
        "columId": "default_col1",
        "inputType": "typeCode",
        "value": [
            {
                "industryId": "",
                "industryName": "",
                "label": "Họ và tên",
                "code": "card_fullname",
                "defaultValue": "",
                "_inputConfigOpenJson": {
                    "showToolbar": true,
                    "showAction": true,
                    "actionConfig": {
                        "showMoveUp": true,
                        "showMoveDown": true,
                        "showDelete": false,
                        "showAdd": false
                    },
                    "toolbarConfig": {
                        "showAlign": true,
                        "showOrderList": false
                    }
                }
            }
        ]
    },
    {
        "label": "Danh thiếp",
        "typeCode": "RecruitmentInfo",
        "fieldIndex": 1,
        "columId": "default_col1",
        "inputType": "typeCode",
        "value": [
            {
                "industryId": "",
                "industryName": "",
                "label": "Vị trí ứng tuyển",
                "code": "position_applied",
                "defaultValue": "Giáo viên",
                "_inputConfigOpenJson": {
                    "showToolbar": true,
                    "showAction": true,
                    "actionConfig": {
                        "showMoveUp": true,
                        "showMoveDown": true,
                        "showDelete": false,
                        "showAdd": false
                    },
                    "toolbarConfig": {
                        "showAlign": true,
                        "showOrderList": false
                    }
                }
            }
        ]
    },
    {
        "typeCode": "BusinessCard",
        "label": "Thông tin liên hệ",
        "fieldIndex": 2,
        "columId": "default_col1",
        "inputType": "typeCode",
        "value": [
            {
                "industryId": "",
                "industryName": "",
                "label": "Ngày sinh",
                "code": "card_dob",
                "defaultValue": "01/01/1995",
                "icon": "pi pi-calendar",
                "_inputConfigOpenJson": {
                    "showToolbar": true,
                    "showAction": true,
                    "actionConfig": {
                        "showMoveUp": true,
                        "showMoveDown": true,
                        "showDelete": false,
                        "showAdd": false
                    },
                    "toolbarConfig": {
                        "showAlign": false,
                        "showOrderList": false
                    }
                }
            }
        ]
    },
    {
        "typeCode": "BusinessCard",
        "label": "Thông tin liên hệ",
        "fieldIndex": 2,
        "columId": "default_col1",
        "inputType": "typeCode",
        "value": [
            {
                "industryId": "",
                "industryName": "",
                "label": "Giới tính",
                "code": "card_gender",
                "defaultValue": "Nam/Nữ/khác",
                "icon": "pi pi-user",
                "_inputConfigOpenJson": {
                    "showToolbar": true,
                    "showAction": true,
                    "actionConfig": {
                        "showMoveUp": true,
                        "showMoveDown": true,
                        "showDelete": false,
                        "showAdd": false
                    },
                    "toolbarConfig": {
                        "showAlign": false,
                        "showOrderList": false
                    }
                }
            }
        ]
    },
    {
        "typeCode": "BusinessCard",
        "label": "Thông tin liên hệ",
        "fieldIndex": 2,
        "columId": "default_col1",
        "inputType": "typeCode",
        "value": [
            {
                "industryId": "",
                "industryName": "",
                "label": "Số điện thoại",
                "code": "card_phone",
                "defaultValue": "089 639 6969",
                "icon": "pi pi-phone",
                "_inputConfigOpenJson": {
                    "showToolbar": true,
                    "showAction": true,
                    "actionConfig": {
                        "showMoveUp": true,
                        "showMoveDown": true,
                        "showDelete": false,
                        "showAdd": false
                    },
                    "toolbarConfig": {
                        "showAlign": false,
                        "showOrderList": false
                    }
                }
            }
        ]
    },
    {
        "typeCode": "BusinessCard",
        "label": "Thông tin liên hệ",
        "fieldIndex": 2,
        "columId": "default_col1",
        "inputType": "typeCode",
        "value": [
            {
                "industryId": "",
                "industryName": "",
                "label": "Email",
                "code": "card_email",
                "defaultValue": "toancoyen@ilearn.net.vn",
                "icon": "pi pi-envelope",
                "_inputConfigOpenJson": {
                    "showToolbar": true,
                    "showAction": true,
                    "actionConfig": {
                        "showMoveUp": true,
                        "showMoveDown": true,
                        "showDelete": false,
                        "showAdd": false
                    },
                    "toolbarConfig": {
                        "showAlign": false,
                        "showOrderList": false
                    }
                }
            }
        ]
    },
    {
        "typeCode": "BusinessCard",
        "label": "Thông tin liên hệ",
        "fieldIndex": 2,
        "columId": "default_col1",
        "inputType": "typeCode",
        "value": [
            {
                "industryId": "",
                "industryName": "",
                "label": "Website",
                "code": "card_website",
                "defaultValue": "https://ilearn.vn",
                "icon": "pi pi-globe",
                "_inputConfigOpenJson": {
                    "showToolbar": true,
                    "showAction": true,
                    "actionConfig": {
                        "showMoveUp": true,
                        "showMoveDown": true,
                        "showDelete": false,
                        "showAdd": false
                    },
                    "toolbarConfig": {
                        "showAlign": false,
                        "showOrderList": false
                    }
                }
            }
        ]
    },
    {
        "typeCode": "BusinessCard",
        "label": "Thông tin liên hệ",
        "fieldIndex": 2,
        "columId": "default_col1",
        "inputType": "typeCode",
        "value": [
            {
                "industryId": "",
                "industryName": "",
                "label": "Địa chỉ",
                "code": "card_address",
                "defaultValue": "STH 18.33, Đường 4D+8C, KĐT Hà Quang 2, TP Nha Trang, Khánh Hòa",
                "icon": "pi pi-map-marker",
                "_inputConfigOpenJson": {
                    "showToolbar": true,
                    "showAction": true,
                    "actionConfig": {
                        "showMoveUp": true,
                        "showMoveDown": true,
                        "showDelete": false,
                        "showAdd": false
                    },
                    "toolbarConfig": {
                        "showAlign": false,
                        "showOrderList": false
                    }
                }
            }
        ]
    },
    {
        "label": "Học vấn",
        "typeCode": "Education",
        "layout": "5",
        "fieldIndex": 3,
        "columId": "default_col1",
        "inputType": "typeCode",
        "value": [
            {
                "industryId": "",
                "industryName": "",
                "label": "Tên trường",
                "code": "edu_school",
                "fieldIndex": 0,
                "defaultValue": "Ilearn",
                "_inputConfigOpenJson": {
                    "showToolbar": true,
                    "showAction": true,
                    "actionConfig": {
                        "showMoveUp": true,
                        "showMoveDown": true,
                        "showDelete": false,
                        "showAdd": false
                    },
                    "toolbarConfig": {
                        "showAlign": false,
                        "showOrderList": false
                    }
                }
            }
        ]
    },
    {
        "label": "Học vấn",
        "typeCode": "Education",
        "layout": "5",
        "fieldIndex": 3,
        "columId": "default_col1",
        "inputType": "typeCode",
        "value": [
            {
                "industryId": "",
                "industryName": "",
                "label": "Ngành học / Chuyên ngành",
                "code": "edu_major",
                "fieldIndex": 3,
                "defaultValue": "Lập trình python",
                "_inputConfigOpenJson": {
                    "showToolbar": true,
                    "showAction": true,
                    "actionConfig": {
                        "showMoveUp": true,
                        "showMoveDown": true,
                        "showDelete": false,
                        "showAdd": false
                    },
                    "toolbarConfig": {
                        "showAlign": false,
                        "showOrderList": false
                    }
                }
            }
        ]
    },
    {
        "label": "Học vấn",
        "typeCode": "Education",
        "layout": "5",
        "fieldIndex": 3,
        "columId": "default_col1",
        "inputType": "typeCode",
        "value": [
            {
                "industryId": "",
                "industryName": "",
                "label": "Trình độ",
                "code": "edu_level",
                "fieldIndex": 4,
                "defaultValue": "Đại học",
                "_inputConfigOpenJson": {
                    "showToolbar": true,
                    "showAction": true,
                    "actionConfig": {
                        "showMoveUp": true,
                        "showMoveDown": true,
                        "showDelete": false,
                        "showAdd": false
                    },
                    "toolbarConfig": {
                        "showAlign": false,
                        "showOrderList": false
                    }
                }
            }
        ]
    },
    {
        "label": "Học vấn",
        "typeCode": "Education",
        "layout": "5",
        "fieldIndex": 3,
        "columId": "default_col1",
        "inputType": "typeCode",
        "value": [
            {
                "industryId": "",
                "industryName": "",
                "label": "Bắt đầu",
                "code": "edu_start",
                "fieldIndex": 1,
                "defaultValue": "2013",
                "_inputConfigOpenJson": {
                    "showToolbar": true,
                    "showAction": true,
                    "actionConfig": {
                        "showMoveUp": true,
                        "showMoveDown": true,
                        "showDelete": false,
                        "showAdd": false
                    },
                    "toolbarConfig": {
                        "showAlign": false,
                        "showOrderList": false
                    }
                }
            }
        ]
    },
    {
        "label": "Học vấn",
        "typeCode": "Education",
        "layout": "5",
        "fieldIndex": 3,
        "columId": "default_col1",
        "inputType": "typeCode",
        "value": [
            {
                "industryId": "",
                "industryName": "",
                "label": "Kết thúc",
                "code": "edu_end",
                "fieldIndex": 2,
                "defaultValue": "2017",
                "_inputConfigOpenJson": {
                    "showToolbar": true,
                    "showAction": true,
                    "actionConfig": {
                        "showMoveUp": true,
                        "showMoveDown": true,
                        "showDelete": false,
                        "showAdd": false
                    },
                    "toolbarConfig": {
                        "showAlign": false,
                        "showOrderList": false
                    }
                }
            }
        ]
    },
    {
        "label": "Kỹ năng",
        "typeCode": "Skill",
        "fieldIndex": 4,
        "columId": "default_col1",
        "inputType": "typeCode",
        "value": [
            {
                "industryId": "",
                "industryName": "",
                "label": "Tên kỹ năng",
                "code": "skill_name",
                "defaultValue": "kỹ năng giao tiếp, kỹ năng làm việc nhóm",
                "_inputConfigOpenJson": {
                    "showToolbar": true,
                    "showAction": true,
                    "actionConfig": {
                        "showMoveUp": true,
                        "showMoveDown": true,
                        "showDelete": false,
                        "showAdd": false
                    },
                    "toolbarConfig": {
                        "showAlign": false,
                        "showOrderList": false
                    }
                }
            }
        ]
    },
    {
        "label": "Sở thích",
        "typeCode": "Interest",
        "fieldIndex": 5,
        "columId": "default_col1",
        "inputType": "typeCode",
        "value": [
            {
                "industryId": "",
                "industryName": "",
                "label": "Tên sở thích",
                "inputType": "editor",
                "_inputConfigOpenJson": {
                    "showToolbar": true,
                    "showAction": true,
                    "actionConfig": {
                        "showMoveUp": true,
                        "showMoveDown": true,
                        "showDelete": false,
                        "showAdd": false
                    },
                    "toolbarConfig": {
                        "showAlign": false,
                        "showOrderList": false
                    }
                },
                "code": "interest_name",
                "defaultValue": ""
            }
        ]
    },
    {
        "label": "Người giới thiệu",
        "typeCode": "Reference",
        "fieldIndex": 6,
        "columId": "default_col1",
        "inputType": "typeCode",
        "value": [
            {
                "industryId": "",
                "industryName": "",
                "label": "Tên người giới thiệu",
                "code": "reference_name",
                "defaultValue": "",
                "_inputConfigOpenJson": {
                    "showToolbar": true,
                    "showAction": true,
                    "actionConfig": {
                        "showMoveUp": true,
                        "showMoveDown": true,
                        "showDelete": false,
                        "showAdd": false
                    },
                    "toolbarConfig": {
                        "showAlign": false,
                        "showOrderList": false
                    }
                }
            }
        ]
    },
    {
        "label": "Mục tiêu nghề nghiệp",
        "typeCode": "CareerObjective",
        "fieldIndex": 1,
        "columId": "default_col2",
        "inputType": "typeCode",
        "value": [
            {
                "industryId": "",
                "industryName": "",
                "label": "Mục tiêu nghề nghiệp",
                "code": "career_objective",
                "inputType": "editor",
                "_inputConfigOpenJson": {
                    "showToolbar": true,
                    "showAction": true,
                    "actionConfig": {
                        "showMoveUp": true,
                        "showMoveDown": true,
                        "showDelete": false,
                        "showAdd": false
                    },
                    "toolbarConfig": {
                        "showAlign": true,
                        "showOrderList": true
                    }
                },
                "defaultValue": "Tôi tận tâm với giáo dục và công nghệ học tập, khát vọng tạo ra sân chơi học tập sáng tạo, tương tác và hiệu quả cho mọi lứa tuổi. Tôi tin rằng giáo dục hiện đại sẽ khơi nguồn tri thức và thay đổi tương lai."
            }
        ]
    },
    {
        "typeCode": "Experience",
        "layout": "5",
        "fieldIndex": 2,
        "columId": "default_col2",
        "inputType": "typeCode",
        "label": "Kinh nghiệm làm việc",
        "value": [
            {
                "industryId": "",
                "industryName": "",
                "label": "Tên công ty",
                "code": "exp_company",
                "defaultValue": "TRENET",
                "fieldIndex": 0,
                "_inputConfigOpenJson": {
                    "showToolbar": true,
                    "showAction": true,
                    "actionConfig": {
                        "showMoveUp": true,
                        "showMoveDown": true,
                        "showDelete": false,
                        "showAdd": false
                    },
                    "toolbarConfig": {
                        "showAlign": false,
                        "showOrderList": false
                    }
                }
            }
        ]
    },
    {
        "typeCode": "Experience",
        "layout": "5",
        "fieldIndex": 2,
        "columId": "default_col2",
        "inputType": "typeCode",
        "label": "Kinh nghiệm làm việc",
        "value": [
            {
                "industryId": "",
                "industryName": "",
                "label": "Vị trí",
                "code": "exp_position",
                "defaultValue": "Lập trình viên",
                "fieldIndex": 3,
                "_inputConfigOpenJson": {
                    "showToolbar": true,
                    "showAction": true,
                    "actionConfig": {
                        "showMoveUp": true,
                        "showMoveDown": true,
                        "showDelete": false,
                        "showAdd": false
                    },
                    "toolbarConfig": {
                        "showAlign": false,
                        "showOrderList": false
                    }
                }
            }
        ]
    },
    {
        "typeCode": "Experience",
        "layout": "5",
        "fieldIndex": 2,
        "columId": "default_col2",
        "inputType": "typeCode",
        "label": "Kinh nghiệm làm việc",
        "value": [
            {
                "industryId": "",
                "industryName": "",
                "label": "Bắt đầu",
                "code": "exp_start",
                "defaultValue": "1017",
                "fieldIndex": 1,
                "_inputConfigOpenJson": {
                    "showToolbar": true,
                    "showAction": true,
                    "actionConfig": {
                        "showMoveUp": true,
                        "showMoveDown": true,
                        "showDelete": false,
                        "showAdd": false
                    },
                    "toolbarConfig": {
                        "showAlign": false,
                        "showOrderList": false
                    }
                }
            }
        ]
    },
    {
        "typeCode": "Experience",
        "layout": "5",
        "fieldIndex": 2,
        "columId": "default_col2",
        "inputType": "typeCode",
        "label": "Kinh nghiệm làm việc",
        "value": [
            {
                "industryId": "",
                "industryName": "",
                "label": "Kết thúc",
                "code": "exp_end",
                "defaultValue": "1014",
                "fieldIndex": 2,
                "_inputConfigOpenJson": {
                    "showToolbar": true,
                    "showAction": true,
                    "actionConfig": {
                        "showMoveUp": true,
                        "showMoveDown": true,
                        "showDelete": false,
                        "showAdd": false
                    },
                    "toolbarConfig": {
                        "showAlign": false,
                        "showOrderList": false
                    }
                }
            }
        ]
    },
    {
        "typeCode": "Experience",
        "layout": "5",
        "fieldIndex": 2,
        "columId": "default_col2",
        "inputType": "typeCode",
        "label": "Kinh nghiệm làm việc",
        "value": [
            {
                "industryId": "",
                "industryName": "",
                "label": "Mô tả / thành tựu",
                "code": "exp_description",
                "inputType": "editor",
                "fieldIndex": 4,
                "_inputConfigOpenJson": {
                    "showToolbar": true,
                    "showAction": true,
                    "actionConfig": {
                        "showMoveUp": true,
                        "showMoveDown": true,
                        "showDelete": false,
                        "showAdd": false
                    },
                    "toolbarConfig": {
                        "showAlign": true,
                        "showOrderList": true
                    }
                },
                "defaultValue": "Quản lý các dự án phát triển trang web từ thiết kế ban đầu cho đến hoàn thiện, tối ưu mọi khả năng tương thích trên nhiều trình duyệt và nền tảng.\nTham gia đánh giá và thử nghiệm các tính năng mới để đảm bảo web tương thích với các tính năng hiện có.\nHợp tác chặt chẽ với các lập trình viên và khách hàng để đáp ứng các yêu cầu, mục tiêu và chức năng mong muốn của dự án.Phát triển và tích hợp các chủ đề tùy chỉnh vào WordPress, PHP-Fusion và Concrete5.Tiến hành đào tạo cho khách hàng về cách xử lý hệ thống quản lý nội dung trang web.\nCho phép quảng cáo trên toàn trang web bằng cách lập trình canvas HTML5 để tạo hoạt ảnh cho các phần tử trên nền web.\nNghiên cứu, phát triển công nghệ mới để ứng dụng xây dựng các sản phẩm dịch vụ mới\nHỗ trợ các thành viên trong nhóm với các chức năng phức tạp, tham gia nhận xét, đánh giá source code của các thành viên trong nhóm.\nPhối hợp với các thành viên trong team thực hiện lập trình và phát triển các sản phẩm trên nền tảng Mobile App.\nLên kế hoạch và thực hiện Submit App lên App Store (Google & Apple).\nCùng với các thành viên khác tư duy logic, đưa ra các giải pháp xử lý vấn đề trong khi phát triển sản phẩm.\nSửa lỗi phát sinh và cải thiện hiệu suất hoạt động của ứng dụng.\nChịu trách nhiệm về các tính năng mà mình phát triển end-to-end.\nQuyết định phương pháp lập trình và cách thức xử lý trong quá trình phát triển, vận hành sản phẩm.\nCùng với Product Team xây dựng chiến lược phát triển sản phẩm.\nPhát triển trang web thân thiện với người dùng giúp tăng lưu lượng truy cập, lượt xem trang và trải nghiệm người dùng trên trang tốt\nThực hiện bảo trì và cập nhật cho các trang web khách hàng hiện tại.\nThực hiện thiết kế layout website, cắt HTML & CSS các sản phẩm Marketing\nViết và hệ thống tài liệu phần mềm và thông số kỹ thuật.\nLàm nhiều dự án đồng thời với tiêu chuẩn và hiệu suất cao.\nTham gia vào dự án phát triển trang web chơi game trực tuyến lớn.\nTích hợp các trang web với Facebook, Twitter và YouTube.\n                           "
            }
        ]
    },
    {
        "label": "Chứng chỉ",
        "typeCode": "Certificate",
        "fieldIndex": 4,
        "columId": "default_col2",
        "inputType": "typeCode",
        "value": [
            {
                "industryId": "",
                "industryName": "",
                "label": "Năm",
                "code": "cert_year",
                "defaultValue": "2022",
                "_inputConfigOpenJson": {
                    "showToolbar": true,
                    "showAction": true,
                    "actionConfig": {
                        "showMoveUp": true,
                        "showMoveDown": true,
                        "showDelete": false,
                        "showAdd": false
                    },
                    "toolbarConfig": {
                        "showAlign": false,
                        "showOrderList": false
                    }
                }
            }
        ]
    },
    {
        "label": "Chứng chỉ",
        "typeCode": "Certificate",
        "fieldIndex": 4,
        "columId": "default_col2",
        "inputType": "typeCode",
        "value": [
            {
                "industryId": "",
                "industryName": "",
                "label": "Tên chứng chỉ",
                "code": "cert_title",
                "defaultValue": "lập trình viên",
                "_inputConfigOpenJson": {
                    "showToolbar": true,
                    "showAction": true,
                    "actionConfig": {
                        "showMoveUp": true,
                        "showMoveDown": true,
                        "showDelete": false,
                        "showAdd": false
                    },
                    "toolbarConfig": {
                        "showAlign": false,
                        "showOrderList": false
                    }
                }
            }
        ]
    },
    {
        "label": "Hoạt động",
        "typeCode": "Activity",
        "layout": "5",
        "fieldIndex": 5,
        "columId": "default_col2",
        "inputType": "typeCode",
        "value": [
            {
                "industryId": "",
                "industryName": "",
                "label": "Tên hoạt động",
                "code": "activity_title",
                "defaultValue": "Tham gia CLB HỌC THUẬT",
                "fieldIndex": 0,
                "_inputConfigOpenJson": {
                    "showToolbar": true,
                    "showAction": true,
                    "actionConfig": {
                        "showMoveUp": true,
                        "showMoveDown": true,
                        "showDelete": false,
                        "showAdd": false
                    },
                    "toolbarConfig": {
                        "showAlign": false,
                        "showOrderList": false
                    }
                }
            }
        ]
    },
    {
        "label": "Hoạt động",
        "typeCode": "Activity",
        "layout": "5",
        "fieldIndex": 5,
        "columId": "default_col2",
        "inputType": "typeCode",
        "value": [
            {
                "industryId": "",
                "industryName": "",
                "label": "Vai trò",
                "code": "activity_role",
                "fieldIndex": 4,
                "defaultValue": "Thành viên",
                "_inputConfigOpenJson": {
                    "showToolbar": true,
                    "showAction": true,
                    "actionConfig": {
                        "showMoveUp": true,
                        "showMoveDown": true,
                        "showDelete": false,
                        "showAdd": false
                    },
                    "toolbarConfig": {
                        "showAlign": false,
                        "showOrderList": false
                    }
                }
            }
        ]
    },
    {
        "label": "Hoạt động",
        "typeCode": "Activity",
        "layout": "5",
        "fieldIndex": 5,
        "columId": "default_col2",
        "inputType": "typeCode",
        "value": [
            {
                "industryId": "",
                "industryName": "",
                "label": "Bắt đầu",
                "code": "activity_date",
                "defaultValue": "2013",
                "fieldIndex": 2,
                "_inputConfigOpenJson": {
                    "showToolbar": true,
                    "showAction": true,
                    "actionConfig": {
                        "showMoveUp": true,
                        "showMoveDown": true,
                        "showDelete": false,
                        "showAdd": false
                    },
                    "toolbarConfig": {
                        "showAlign": false,
                        "showOrderList": false
                    }
                }
            }
        ]
    },
    {
        "label": "Hoạt động",
        "typeCode": "Activity",
        "layout": "5",
        "fieldIndex": 5,
        "columId": "default_col2",
        "inputType": "typeCode",
        "value": [
            {
                "industryId": "",
                "industryName": "",
                "label": "Kết thúc",
                "code": "activity_date",
                "defaultValue": "",
                "fieldIndex": 3,
                "_inputConfigOpenJson": {
                    "showToolbar": true,
                    "showAction": true,
                    "actionConfig": {
                        "showMoveUp": true,
                        "showMoveDown": true,
                        "showDelete": false,
                        "showAdd": false
                    },
                    "toolbarConfig": {
                        "showAlign": false,
                        "showOrderList": false
                    }
                }
            }
        ]
    },
    {
        "label": "Hoạt động",
        "typeCode": "Activity",
        "layout": "5",
        "fieldIndex": 5,
        "columId": "default_col2",
        "inputType": "typeCode",
        "value": [
            {
                "industryId": "",
                "industryName": "",
                "label": "Mô tả",
                "code": "activity_desc",
                "inputType": "editor",
                "fieldIndex": 5,
                "_inputConfigOpenJson": {
                    "showToolbar": true,
                    "showAction": true,
                    "actionConfig": {
                        "showMoveUp": true,
                        "showMoveDown": true,
                        "showDelete": false,
                        "showAdd": false
                    },
                    "toolbarConfig": {
                        "showAlign": true,
                        "showOrderList": true
                    }
                },
                "defaultValue": "Tham gia trao đổi và nâng cao kiến thức học thuật có chuyên môn cao cho các bạn sinh viên Khoa .Tham gia các cuộc thi do trường và khoa phối hợp tổ chức nhằm nâng cao chuyên môn"
            }
        ]
    }
]